INSERT INTO  PRODOTTO (PROD_ID, NOME_PRODOTTO) VALUES ('8032089771238', 'acqua 0.5L');
INSERT INTO  PRODOTTO (PROD_ID, NOME_PRODOTTO) VALUES ('2', 'acqua 1L');
INSERT INTO  PRODOTTO (PROD_ID, NOME_PRODOTTO) VALUES ('3', 'scatola biscotti');

INSERT INTO AREA_GEOGRAFICA (AREA_ID, NOME) VALUES ('1', 'ROMA');
INSERT INTO AREA_GEOGRAFICA (AREA_ID, NOME) VALUES ('2', 'MILANO');
INSERT INTO AREA_GEOGRAFICA (AREA_ID, NOME) VALUES ('3', 'RIMINI');

INSERT INTO COMPONENTE (COMP_ID, NOME_COMPONENTE, PRODOTTO_PROD_ID) VALUES ('0','Tappo','8032089771238');
INSERT INTO COMPONENTE (COMP_ID, NOME_COMPONENTE, PRODOTTO_PROD_ID) VALUES ('1','Bottiglia','8032089771238');
INSERT INTO COMPONENTE (COMP_ID, NOME_COMPONENTE, PRODOTTO_PROD_ID) VALUES ('2','Etichetta','8032089771238');
INSERT INTO COMPONENTE (COMP_ID, NOME_COMPONENTE, PRODOTTO_PROD_ID) VALUES ('0','Tappo','2');
INSERT INTO COMPONENTE (COMP_ID, NOME_COMPONENTE, PRODOTTO_PROD_ID) VALUES ('1','Bottiglia','2');
INSERT INTO COMPONENTE (COMP_ID, NOME_COMPONENTE, PRODOTTO_PROD_ID) VALUES ('0','Scatola','3');
INSERT INTO COMPONENTE (COMP_ID, NOME_COMPONENTE, PRODOTTO_PROD_ID) VALUES ('1','Incarto','3');

INSERT INTO CATEGORIA_SMALTIMENTO (CAT_ID, CATEGORIA) VALUES ('0','NON RICICLABILE');
INSERT INTO CATEGORIA_SMALTIMENTO (CAT_ID, CATEGORIA) VALUES ('1','CARTA');
INSERT INTO CATEGORIA_SMALTIMENTO (CAT_ID, CATEGORIA) VALUES ('2','PLASTICA');
INSERT INTO CATEGORIA_SMALTIMENTO (CAT_ID, CATEGORIA) VALUES ('3','ALLUMINIO');
INSERT INTO CATEGORIA_SMALTIMENTO (CAT_ID, CATEGORIA) VALUES ('4','UMIDO');
INSERT INTO CATEGORIA_SMALTIMENTO (CAT_ID, CATEGORIA) VALUES ('5','VETRO');

INSERT INTO POLITICA_SMALTIMENTO (POL_COMP_ID, POL_PROD_ID, AREA_GEOGRAFICA_AREA_ID, CAT_ID) VALUES ('0','8032089771238','1','2');
INSERT INTO POLITICA_SMALTIMENTO (POL_COMP_ID, POL_PROD_ID, AREA_GEOGRAFICA_AREA_ID, CAT_ID) VALUES ('0','8032089771238','2','2');
INSERT INTO POLITICA_SMALTIMENTO (POL_COMP_ID, POL_PROD_ID, AREA_GEOGRAFICA_AREA_ID, CAT_ID) VALUES ('1','8032089771238','1','2');
INSERT INTO POLITICA_SMALTIMENTO (POL_COMP_ID, POL_PROD_ID, AREA_GEOGRAFICA_AREA_ID, CAT_ID) VALUES ('1','8032089771238','2','0');
INSERT INTO POLITICA_SMALTIMENTO (POL_COMP_ID, POL_PROD_ID, AREA_GEOGRAFICA_AREA_ID, CAT_ID) VALUES ('2','8032089771238','1','1');
INSERT INTO POLITICA_SMALTIMENTO (POL_COMP_ID, POL_PROD_ID, AREA_GEOGRAFICA_AREA_ID, CAT_ID) VALUES ('2','8032089771238','2','2');
INSERT INTO POLITICA_SMALTIMENTO (POL_COMP_ID, POL_PROD_ID, AREA_GEOGRAFICA_AREA_ID, CAT_ID) VALUES ('0','2','1','3');
INSERT INTO POLITICA_SMALTIMENTO (POL_COMP_ID, POL_PROD_ID, AREA_GEOGRAFICA_AREA_ID, CAT_ID) VALUES ('0','2','2','3');
INSERT INTO POLITICA_SMALTIMENTO (POL_COMP_ID, POL_PROD_ID, AREA_GEOGRAFICA_AREA_ID, CAT_ID) VALUES ('1','2','1','0');
INSERT INTO POLITICA_SMALTIMENTO (POL_COMP_ID, POL_PROD_ID, AREA_GEOGRAFICA_AREA_ID, CAT_ID) VALUES ('1','2','2','5');
INSERT INTO POLITICA_SMALTIMENTO (POL_COMP_ID, POL_PROD_ID, DESCRIZIONE, AREA_GEOGRAFICA_AREA_ID) VALUES ('0','3','altro smaltimento','1');
INSERT INTO POLITICA_SMALTIMENTO (POL_COMP_ID, POL_PROD_ID, AREA_GEOGRAFICA_AREA_ID, CAT_ID) VALUES ('0','3','2','1');
INSERT INTO POLITICA_SMALTIMENTO (POL_COMP_ID, POL_PROD_ID, AREA_GEOGRAFICA_AREA_ID, CAT_ID) VALUES ('1','3','1','1');
INSERT INTO POLITICA_SMALTIMENTO (POL_COMP_ID, POL_PROD_ID, DESCRIZIONE, AREA_GEOGRAFICA_AREA_ID) VALUES ('1','3','altro smaltimento','2');

INSERT INTO  ROLE (ROLE_ID, ROLE) VALUES ('1', 'REGISTRATO');
INSERT INTO  ROLE (ROLE_ID, ROLE) VALUES ('2', 'AUTORITA');
INSERT INTO  ROLE (ROLE_ID, ROLE) VALUES ('3', 'AMMINISTRATORE');

INSERT INTO APP_USER (APP_USER_ID, APP_USER_NAME, APP_USER_PASSWORD, APP_USER_AREA) VALUES ('0', 'garbage', '$2a$04$pvMIM2MPFl0wXH7jneGinOBzpMsDLYgCvQq4TfhE3mSEG5wYTeD1C'  /* = garbage */, '1' );
INSERT INTO APP_USER (APP_USER_ID, APP_USER_NAME, APP_USER_PASSWORD, APP_USER_AREA) VALUES ('1', 'Mark', '$2a$04$pvMIM2MPFl0wXH7jneGinOBzpMsDLYgCvQq4TfhE3mSEG5wYTeD1C', '2' );
INSERT INTO APP_USER (APP_USER_ID, APP_USER_NAME, APP_USER_PASSWORD) VALUES ('2', 'Tom', '$2a$04$pvMIM2MPFl0wXH7jneGinOBzpMsDLYgCvQq4TfhE3mSEG5wYTeD1C');
INSERT INTO APP_USER (APP_USER_ID, APP_USER_NAME, APP_USER_PASSWORD) VALUES ('3', 'Travis', '$2a$04$pvMIM2MPFl0wXH7jneGinOBzpMsDLYgCvQq4TfhE3mSEG5wYTeD1C');

INSERT INTO APP_USER_ROLE (APP_USER_ID, ROLE_ID) VALUES ('0','1');
INSERT INTO APP_USER_ROLE (APP_USER_ID, ROLE_ID) VALUES ('1','1');
INSERT INTO APP_USER_ROLE (APP_USER_ID, ROLE_ID) VALUES ('2','2');
INSERT INTO APP_USER_ROLE (APP_USER_ID, ROLE_ID) VALUES ('3','3');

INSERT INTO PROPOSTA_PRODOTTO (PROD_ID, CREATED, NOME_PRODOTTO, USERNAME) VALUES ('23','2019-02-20 12:19:35.307','M','garbage');
INSERT INTO PROPOSTA_PRODOTTO (PROD_ID, CREATED, NOME_PRODOTTO, USERNAME) VALUES ('4','2019-02-20 12:19:42.307','N','Mark');
INSERT INTO PROPOSTA_PRODOTTO (PROD_ID, CREATED, NOME_PRODOTTO, USERNAME) VALUES ('5','2019-02-20 12:10:26.307','B','garbage');

CREATE TABLE CONTATORE_PROPOSTE ("count" INT(11) DEFAULT 0);
INSERT INTO CONTATORE_PROPOSTE ("count") VALUES(3);