INSERT INTO  PRODOTTO (PROD_ID, NOME_PRODOTTO) VALUES ('8032089771238', 'acqua 0.5L');
INSERT INTO  PRODOTTO (PROD_ID, NOME_PRODOTTO) VALUES ('2', 'acqua 1L');
INSERT INTO  PRODOTTO (PROD_ID, NOME_PRODOTTO) VALUES ('3', 'scatola biscotti');

INSERT INTO AREA_GEOGRAFICA (AREA_ID, NOME) VALUES ('1', 'ROMA');
INSERT INTO AREA_GEOGRAFICA (AREA_ID, NOME) VALUES ('2', 'MILANO');

INSERT INTO COMPONENTE (COMP_ID, NOME_COMPONENTE, PRODOTTO_PROD_ID) VALUES ('0','Tappo','8032089771238');
INSERT INTO COMPONENTE (COMP_ID, NOME_COMPONENTE, PRODOTTO_PROD_ID) VALUES ('1','Bottiglia','8032089771238');
INSERT INTO COMPONENTE (COMP_ID, NOME_COMPONENTE, PRODOTTO_PROD_ID) VALUES ('2','Etichetta','8032089771238');
INSERT INTO COMPONENTE (COMP_ID, NOME_COMPONENTE, PRODOTTO_PROD_ID) VALUES ('0','Tappo','2');
INSERT INTO COMPONENTE (COMP_ID, NOME_COMPONENTE, PRODOTTO_PROD_ID) VALUES ('1','Bottiglia','2');
INSERT INTO COMPONENTE (COMP_ID, NOME_COMPONENTE, PRODOTTO_PROD_ID) VALUES ('0','Scatola','3');
INSERT INTO COMPONENTE (COMP_ID, NOME_COMPONENTE, PRODOTTO_PROD_ID) VALUES ('1','Incarto','3');

INSERT INTO CATEGORIA_SMALTIMENTO (CAT_ID, CATEGORIA) VALUES ('0','NON RICICLABILE');
INSERT INTO CATEGORIA_SMALTIMENTO (CAT_ID, CATEGORIA) VALUES ('1','CARTA');
INSERT INTO CATEGORIA_SMALTIMENTO (CAT_ID, CATEGORIA) VALUES ('2','PLASTICA');
INSERT INTO CATEGORIA_SMALTIMENTO (CAT_ID, CATEGORIA) VALUES ('3','ALLUMINIO');
INSERT INTO CATEGORIA_SMALTIMENTO (CAT_ID, CATEGORIA) VALUES ('4','UMIDO');
INSERT INTO CATEGORIA_SMALTIMENTO (CAT_ID, CATEGORIA) VALUES ('5','VETRO');

INSERT INTO POLITICA_SMALTIMENTO (POL_COMP_ID, POL_PROD_ID, AREA_GEOGRAFICA_AREA_ID, CAT_ID) VALUES ('0','8032089771238','1','2');
INSERT INTO POLITICA_SMALTIMENTO (POL_COMP_ID, POL_PROD_ID, AREA_GEOGRAFICA_AREA_ID, CAT_ID) VALUES ('0','8032089771238','2','2');
INSERT INTO POLITICA_SMALTIMENTO (POL_COMP_ID, POL_PROD_ID, AREA_GEOGRAFICA_AREA_ID, CAT_ID) VALUES ('1','8032089771238','1','2');
INSERT INTO POLITICA_SMALTIMENTO (POL_COMP_ID, POL_PROD_ID, AREA_GEOGRAFICA_AREA_ID, CAT_ID) VALUES ('1','8032089771238','2','0');
INSERT INTO POLITICA_SMALTIMENTO (POL_COMP_ID, POL_PROD_ID, AREA_GEOGRAFICA_AREA_ID, CAT_ID) VALUES ('2','8032089771238','1','1');
INSERT INTO POLITICA_SMALTIMENTO (POL_COMP_ID, POL_PROD_ID, AREA_GEOGRAFICA_AREA_ID, CAT_ID) VALUES ('2','8032089771238','2','2');
INSERT INTO POLITICA_SMALTIMENTO (POL_COMP_ID, POL_PROD_ID, AREA_GEOGRAFICA_AREA_ID, CAT_ID) VALUES ('0','2','1','3');
INSERT INTO POLITICA_SMALTIMENTO (POL_COMP_ID, POL_PROD_ID, AREA_GEOGRAFICA_AREA_ID, CAT_ID) VALUES ('0','2','2','3');
INSERT INTO POLITICA_SMALTIMENTO (POL_COMP_ID, POL_PROD_ID, AREA_GEOGRAFICA_AREA_ID, CAT_ID) VALUES ('1','2','1','0');
INSERT INTO POLITICA_SMALTIMENTO (POL_COMP_ID, POL_PROD_ID, AREA_GEOGRAFICA_AREA_ID, CAT_ID) VALUES ('1','2','2','5');
INSERT INTO POLITICA_SMALTIMENTO (POL_COMP_ID, POL_PROD_ID, DESCRIZIONE, AREA_GEOGRAFICA_AREA_ID) VALUES ('0','3','altro smaltimento','1');
INSERT INTO POLITICA_SMALTIMENTO (POL_COMP_ID, POL_PROD_ID, AREA_GEOGRAFICA_AREA_ID, CAT_ID) VALUES ('0','3','2','1');
INSERT INTO POLITICA_SMALTIMENTO (POL_COMP_ID, POL_PROD_ID, AREA_GEOGRAFICA_AREA_ID, CAT_ID) VALUES ('1','3','1','1');
INSERT INTO POLITICA_SMALTIMENTO (POL_COMP_ID, POL_PROD_ID, DESCRIZIONE, AREA_GEOGRAFICA_AREA_ID) VALUES ('1','3','altro smaltimento','2');
